comment_id,task_id,user_id,user_name,comment,update_datetime
2,1,admin,山田,コメントコメント,2024-03-05 16:03:01
3,1,admin,山田,コメントコメントコメント,2024-03-05 16:03:01
8,1,admin,山田,コメントコメントコメントコメントコメントコメントコメントコメント,2024-03-05 16:03:01
11,1,admin,山田,コメント1,2024-03-05 16:03:01
12,1,admin,山田,コメント2,2024-03-05 16:03:01
13,1,admin,山田,コメント3,2024-03-05 16:03:01
16,1,admin,山田,コメント6,2024-03-05 16:03:01
19,1,test4,さくらいあいこ,テスト,2024-03-15 16:05:26
20,1,test4,さくらいあいこ,テストテスト,2024-03-15 16:05:37
22,1,admin,山田,テストコメント,2024-03-21 16:14:44
25,1,admin,山田,テストコメント,2024-03-21 16:30:14
26,1,admin,山田,テストコメント,2024-03-21 16:38:03
27,1,admin,山田,テストコメント,2024-03-21 16:59:31
28,1,admin,山田,テストコメント,2024-03-21 17:00:08
29,1,admin,山田,テストコメント,2024-03-21 17:06:43
